FIPS,State,County,Average Life Expectancy (years),Days of Poor Physical Health (days/month),Days of Poor Mental Health (days/month),Students Graduating from High School (%),Some College (%),Children in Poverty (%),Limited Access to Healthy Foods (%),Physically Inactive (%),Insufficient Sleep (%),"Primary Care Doctor Rate (doctors/100,000)","Mental Health Providers (providers/ 100,000)",Median Household Income ($),Homeowners (%),Rural Living (%),Non-Hispanic Black (%),Asian (%),Hispanic (%),Non-Hispanic White (%),Population,"Motor Vehicle Death Rate (deaths/100,000 people)","Drug Overdose Death Rate (deaths/100,000 people)",Broadband Access (%),Teen Birth Rate (births/per teens),"Firearm Death Rate (deaths/ 100,000 people)","Juvenile Arrest Rate (arrests/ 1,000 juveniles)",Severe Housing Problems (%),Proficient in English (%),Air Pollution (fine particulate matter in micrograms/cubic meter of air),Smokers (%),Youth Not in School or Employment (%)
44001.0,Rhode_Island,Bristol,,2.8,2.9,92.24822695,76.277266117,9.1,11.615173884,21.3,,174.6988,138.99346,64572.0,,1.1428571429,0.8225855591,1.537524119,2.0798212654,94.209403879,10315.0,6.7338555812,12.345401899,,7.7540287236,,,17.910059787,2.4295065458,10.26,13.3,
44003.0,Rhode_Island,Kent,,3.8,4.0,83.274678112,67.564882065,11.6,5.6820270022,25.4,,71.28402,194.69867,59682.0,,7.9863744147,1.3934564976,2.1902355274,3.4379987426,91.373869517,42269.0,7.9892298382,15.553500643,,20.896122162,,,17.645782087,0.9120389137,10.27,18.8,
44005.0,Rhode_Island,Newport,,2.9,3.0,82.374829932,77.114069809,14.3,6.0710039479,20.0,,88.2762,230.17392,63434.0,,12.092220828,3.3839753804,1.6980696014,4.417900281,87.860505285,19453.0,7.511467792,12.291492751,,15.505457513,,,16.264020708,1.3010963295,10.18,12.6,
44007.0,Rhode_Island,Providence,,3.8,3.7,72.527482865,59.725971761,26.2,4.6145097361,27.4,,91.42999,312.36994,47601.0,,5.508826857,8.0392800569,3.9587629523,19.319387914,66.349638403,167428.0,7.9047283186,15.673558729,,33.697939067,,,21.933546165,7.2428339093,10.35,17.1,
44009.0,Rhode_Island,Washington,,3.1,3.2,86.696697775,73.922065944,11.4,8.6590241469,20.2,,94.81443999999999,200.17525,69150.0,,30.823206987,1.1552775358,1.7673608362,2.5251405495,92.213160187,26022.0,8.9859370086,10.558475985,,9.4805258271,,,14.695705272,0.6979679727,10.21,14.1,
