FIPS,State,County,Average Life Expectancy (years),Days of Poor Physical Health (days/month),Days of Poor Mental Health (days/month),Students Graduating from High School (%),Some College (%),Children in Poverty (%),Limited Access to Healthy Foods (%),Physically Inactive (%),Insufficient Sleep (%),"Primary Care Doctor Rate (doctors/100,000)","Mental Health Providers (providers/ 100,000)",Median Household Income ($),Homeowners (%),Rural Living (%),Non-Hispanic Black (%),Asian (%),Hispanic (%),Non-Hispanic White (%),Population,"Motor Vehicle Death Rate (deaths/100,000 people)","Drug Overdose Death Rate (deaths/100,000 people)",Broadband Access (%),Teen Birth Rate (births/per teens),"Firearm Death Rate (deaths/ 100,000 people)","Juvenile Arrest Rate (arrests/ 1,000 juveniles)",Severe Housing Problems (%),Proficient in English (%),Air Pollution (fine particulate matter in micrograms/cubic meter of air),Smokers (%),Youth Not in School or Employment (%)
15001.0,Hawaii,Hawaii,,3.3,3.2,79.18800813,54.305272557,27.2,10.781946526,18.8,,73.90033,192.34458,49048.0,,37.990803927,0.5618787688,22.593722126,11.73642972,30.921491863,43679.0,19.146954498,12.088543306,,45.27938343,,,27.260018639,2.4733536902,,18.7,
15003.0,Hawaii,Honolulu,,2.8,2.7,80.536247099,70.049782345,15.3,4.0094520002,19.4,,87.69135,169.57422,70779.0,,0.862876584,2.1934821594,43.895099461,8.4888390801,19.14208222,262342.0,7.2059271132,9.4184079326,,33.034525253,,,26.534897072,5.5826242723,,14.6,
15005.0,Hawaii,Kalawao,,,,,100.0,,0.0,22.1,,0.0,0.0,,,100.0,0.0,7.7777777778,1.1111111111,26.666666667,21.0,,,,,,,6.1538461538,4.5454545455,,,
15007.0,Hawaii,Kauai,,3.1,2.9,85.253661784,62.399316573,17.7,10.282019312,17.0,,93.05623,124.93,55614.0,,12.860145176,0.4307991915,31.746359599,9.7151119045,30.349212906,16388.0,13.713021841,9.5106441803,,43.583707825,,,28.074619991,2.8514081815,,15.7,
15009.0,Hawaii,Maui,,3.2,2.9,79.507378985,59.658397723,16.8,8.7183100346,17.7,,81.6983,96.28645,59281.0,,14.567859772,0.6102153626,29.271826689,10.34685254,31.618857953,41803.0,11.861366661,5.4002970163,,40.444639829,,,31.747269891,3.6041817617,,15.4,
