FIPS,State,County,Average Life Expectancy (years),Days of Poor Physical Health (days/month),Days of Poor Mental Health (days/month),Students Graduating from High School (%),Some College (%),Children in Poverty (%),Limited Access to Healthy Foods (%),Physically Inactive (%),Insufficient Sleep (%),"Primary Care Doctor Rate (doctors/100,000)","Mental Health Providers (providers/ 100,000)",Median Household Income ($),Homeowners (%),Rural Living (%),Non-Hispanic Black (%),Asian (%),Hispanic (%),Non-Hispanic White (%),Population,"Motor Vehicle Death Rate (deaths/100,000 people)","Drug Overdose Death Rate (deaths/100,000 people)",Broadband Access (%),Teen Birth Rate (births/per teens),"Firearm Death Rate (deaths/ 100,000 people)","Juvenile Arrest Rate (arrests/ 1,000 juveniles)",Severe Housing Problems (%),Proficient in English (%),Air Pollution (fine particulate matter in micrograms/cubic meter of air),Smokers (%),Youth Not in School or Employment (%)
10001,Delaware,Kent,77.732028148,4.0950313168,4.6791565581,90.0841632,59.502205563,19.6,4.4611350557,31.2,36.819731192,82,176.42117,54980,69.027810055,26.969379582,25.466255951,2.3914869784,7.388966676,60.933071969,43753,15.00705414,28.291157504,,20.895378999,11.076587178,65.409836066,15.931766978,98.6467762511,9.3,16.823759503,5.4795972443
10003,Delaware,New Castle,78.468085874,3.7726349844,4.1720258823,87.686595725,64.853202129,15.5,4.7501029088,25.5,36.792037691,469,320.73802,69562,68.019916117,4.6024078933,24.850760278,5.7616634039,10.276667829,56.788686565,148776,10.176656451,38.481846413,,17.112762098,12.38480338,45.505415162,14.437723738,97.9255089115,10.0,15.242558128,5.1443113001
10005,Delaware,Sussex,78.514194813,3.721060229,4.1327347552,88.542508513,53.482197563,21.6,4.6440750474,30.3,31.857193028,140,185.79416,59821,79.552397471,41.303609019,11.790951039,1.3463534625,9.2897080502,75.288504313,44067,16.342799144,33.488476852,,32.228283676,9.1707299356,42.460732984,14.978713198,97.6501267865,9.2,16.085001169,9.2866594491
