FIPS,State,County,Average Life Expectancy (years),Days of Poor Physical Health (days/month),Days of Poor Mental Health (days/month),Students Graduating from High School (%),Some College (%),Children in Poverty (%),Limited Access to Healthy Foods (%),Physically Inactive (%),Insufficient Sleep (%),"Primary Care Doctor Rate (doctors/100,000)","Mental Health Providers (providers/ 100,000)",Median Household Income ($),Homeowners (%),Rural Living (%),Non-Hispanic Black (%),Asian (%),Hispanic (%),Non-Hispanic White (%),Population,"Motor Vehicle Death Rate (deaths/100,000 people)","Drug Overdose Death Rate (deaths/100,000 people)",Broadband Access (%),Teen Birth Rate (births/per teens),"Firearm Death Rate (deaths/ 100,000 people)","Juvenile Arrest Rate (arrests/ 1,000 juveniles)",Severe Housing Problems (%),Proficient in English (%),Air Pollution (fine particulate matter in micrograms/cubic meter of air),Smokers (%),Youth Not in School or Employment (%)
44001,Rhode_Island,Bristol,,3.0,3.0,92.021276596,75.851216023,8.9,11.615173884,20.0,,166.45609,68.18683,68483,,1.1428571429,0.8674698795,1.5562248996,2.2690763052,93.937751004,10485,6.7338555812,,,8.0275990181,,,,2.6174957833,10.21,14.1,
44003,Rhode_Island,Kent,,3.7,3.8,82.832618026,67.274030569,14.0,5.6820270022,25.5,,72.25912000000001,38.538199999999996,59880,,7.9863744147,1.4015162956,2.153018999,3.4911046002,91.325097411,43247,7.9892298382,,,21.02366226,,,,0.8609961783,10.23,19.8,
44005,Rhode_Island,Newport,,2.8,3.0,82.040816327,76.157395921,13.9,6.0710039479,19.5,,82.07901,50.69586,65755,,12.092220828,3.4838865711,1.7123163432,4.5359453413,87.784025636,20153,7.511467792,,,16.175797345,,,,1.1315004127,10.22,13.7,
44007,Rhode_Island,Providence,,3.8,3.7,73.793859649,58.686664971,27.0,4.6145097361,27.5,,87.74771,82.3233,46385,,5.508826857,7.9481864789,3.8933540128,19.273219309,66.531037531,169081,7.9047283186,,,35.197095616,,,,7.2447375517,10.2,17.7,
44009,Rhode_Island,Washington,,3.2,3.3,86.777456647,74.086839246,11.5,8.6590241469,19.3,,96.09931,46.47426,68539,,30.823206987,1.2033532707,1.7643387088,2.5813231355,92.109068211,26693,8.9859370086,,,9.9273309521,,,,0.8381939231,10.25,14.9,
