FIPS,State,County,Average Life Expectancy (years),Days of Poor Physical Health (days/month),Days of Poor Mental Health (days/month),Students Graduating from High School (%),Some College (%),Children in Poverty (%),Limited Access to Healthy Foods (%),Physically Inactive (%),Insufficient Sleep (%),"Primary Care Doctor Rate (doctors/100,000)","Mental Health Providers (providers/ 100,000)",Median Household Income ($),Homeowners (%),Rural Living (%),Non-Hispanic Black (%),Asian (%),Hispanic (%),Non-Hispanic White (%),Population,"Motor Vehicle Death Rate (deaths/100,000 people)","Drug Overdose Death Rate (deaths/100,000 people)",Broadband Access (%),Teen Birth Rate (births/per teens),"Firearm Death Rate (deaths/ 100,000 people)","Juvenile Arrest Rate (arrests/ 1,000 juveniles)",Severe Housing Problems (%),Proficient in English (%),Air Pollution (fine particulate matter in micrograms/cubic meter of air),Smokers (%),Youth Not in School or Employment (%)
10001,Delaware,Kent,77.815009632,4.5094608335,4.7516701834,88.166666667,60.144601108,17.8,4.4611350557,30.9,39.301887891,84,185.30196,58804,69.055869658,26.969379582,25.977675262,2.3856935825,7.4181629108,60.386313099,118054,15.987953566,31.520441659,85.242263967,18.769825181,10.853344187,61.902173913,15.67529189,98.3743518233,7.3,19.721276045,6.5794979079
10003,Delaware,New Castle,78.408300986,3.6796931905,4.3224676957,86.649094327,63.906761032,13.4,4.7501029088,24.7,36.647153489,499,348.81244000000004,76076,67.894708715,4.6024078933,25.117717489,5.7862776576,10.416051457,56.315223363,383326,10.194886687,44.699236716,86.582551535,15.800577902,12.143369129,46.636363636,13.930078212,97.8951427546,9.4,18.386508576,5.2317621748
10005,Delaware,Sussex,78.726427231,4.2607368589,4.3429288941,86.677187636,56.14884555,22.8,4.6440750474,30.9,35.668171691,142,197.67318,64839,80.261077244,41.303609019,11.67595261,1.3743195645,9.2987512008,75.361724837,167940,16.405092971,37.019132359,81.086622245,30.886090089,8.8023003345,50.15625,14.272474513,97.538569919,7.2,19.051659688,8.7214944202
