FIPS,State,County,Average Life Expectancy (years),Days of Poor Physical Health (days/month),Days of Poor Mental Health (days/month),Students Graduating from High School (%),Some College (%),Children in Poverty (%),Limited Access to Healthy Foods (%),Physically Inactive (%),Insufficient Sleep (%),"Primary Care Doctor Rate (doctors/100,000)","Mental Health Providers (providers/ 100,000)",Median Household Income ($),Homeowners (%),Rural Living (%),Non-Hispanic Black (%),Asian (%),Hispanic (%),Non-Hispanic White (%),Population,"Motor Vehicle Death Rate (deaths/100,000 people)","Drug Overdose Death Rate (deaths/100,000 people)",Broadband Access (%),Teen Birth Rate (births/per teens),"Firearm Death Rate (deaths/ 100,000 people)","Juvenile Arrest Rate (arrests/ 1,000 juveniles)",Severe Housing Problems (%),Proficient in English (%),Air Pollution (fine particulate matter in micrograms/cubic meter of air),Smokers (%),Youth Not in School or Employment (%)
44001,Rhode_Island,Bristol,,3.414070318,3.718930911,90.804511278,81.536189069,9.2,11.870314249,22.5,30.53078975,89,91,70697,,1.1428571429,1.0312429943,2.0298775144,2.8878879899,92.318666313,10155,4.6343229544,23.096100156,,5.3003533569,,,17.505870076,1.7864315765,7.8,12.514888076,8.8
44003,Rhode_Island,Kent,,3.5911565788,4.0713550198,85.044927536,71.319209108,12.8,5.307248361,23.7,34.789195352,132,463,63762,,7.9863744147,1.5897797271,2.5581056289,4.5512532348,89.420097926,41017,7.9576927535,29.117791577,,14.910412229,3.8815119945,,17.419260558,0.9216707354,7.6,17.270725515,10.85
44005,Rhode_Island,Newport,,3.2983421493,3.4849010458,87.790629575,77.332558017,13.1,4.8878344199,18.3,31.093847732,70,250,72776,,12.092220828,3.7845477387,1.8638867414,5.7595670661,85.761741399,18917,6.7522996774,17.369175772,,10.057845641,4.3689532473,,16.85086838,1.1408190626,7.5,15.040381148,6.67
44007,Rhode_Island,Providence,,3.9874425683,4.3715172567,80.2041305,61.474191913,22.8,3.2010944063,26.3,37.946769025,604,2744,52011,,5.508826857,8.4360545581,4.476283509,22.058853699,62.507634064,169598,5.6923599232,30.435148911,,23.405067967,4.7211017087,,21.519040606,6.9539757534,8.3,15.446969555,11.95
44009,Rhode_Island,Washington,,3.404572437,3.8986848701,89.628716745,75.586206897,10.5,8.5135071243,18.2,32.774421141,117,360,77000,,30.823206987,1.2107246928,1.9906879513,3.0834283542,91.255701254,23925,8.3596455058,22.136837278,,6.2317429406,4.2744311445,,15.3162255,0.4246948535,7.6,12.669124118,5.67
