FIPS,State,County,Average Life Expectancy (years),Days of Poor Physical Health (days/month),Days of Poor Mental Health (days/month),Students Graduating from High School (%),Some College (%),Children in Poverty (%),Limited Access to Healthy Foods (%),Physically Inactive (%),Insufficient Sleep (%),"Primary Care Doctor Rate (doctors/100,000)","Mental Health Providers (providers/ 100,000)",Median Household Income ($),Homeowners (%),Rural Living (%),Non-Hispanic Black (%),Asian (%),Hispanic (%),Non-Hispanic White (%),Population,"Motor Vehicle Death Rate (deaths/100,000 people)","Drug Overdose Death Rate (deaths/100,000 people)",Broadband Access (%),Teen Birth Rate (births/per teens),"Firearm Death Rate (deaths/ 100,000 people)","Juvenile Arrest Rate (arrests/ 1,000 juveniles)",Severe Housing Problems (%),Proficient in English (%),Air Pollution (fine particulate matter in micrograms/cubic meter of air),Smokers (%),Youth Not in School or Employment (%)
10001,Delaware,Kent,,3.5358741785,3.680999543,85.482180294,58.481859063,20.8,4.4611350557,30.3,36.819731192,79,280,53994,,26.969379582,24.647222683,2.3268717075,6.892528042,62.411412425,42473,13.845118709,23.638072286,,24.935077426,10.96351831,,15.877578627,1.1517822085,9.0,18.170640589,12.98
10003,Delaware,New Castle,,3.3040313202,3.7584157039,85.294588822,66.54565688,15.0,4.7501029088,24.5,36.792037691,454,1560,67246,,4.6024078933,24.234856469,5.5532714408,9.7955607582,58.20207653,147371,9.6024882155,23.161704701,,20.660112151,12.308565603,,15.495298817,2.3278800338,10.4,16.772490236,12.88
10005,Delaware,Sussex,,3.3045250846,3.6328186786,86.094619666,50.847418491,22.7,4.6440750474,27.0,31.857193028,141,360,56618,,41.303609019,12.133429587,1.2926161516,9.3266318882,75.003064685,43308,17.191157419,24.7401511,,35.738087304,8.2327035157,,15.84992343,2.5888670701,8.8,17.561391648,18.17
