FIPS,State,County,Average Life Expectancy (years),Days of Poor Physical Health (days/month),Days of Poor Mental Health (days/month),Students Graduating from High School (%),Some College (%),Children in Poverty (%),Limited Access to Healthy Foods (%),Physically Inactive (%),Insufficient Sleep (%),"Primary Care Doctor Rate (doctors/100,000)","Mental Health Providers (providers/ 100,000)",Median Household Income ($),Homeowners (%),Rural Living (%),Non-Hispanic Black (%),Asian (%),Hispanic (%),Non-Hispanic White (%),Population,"Motor Vehicle Death Rate (deaths/100,000 people)","Drug Overdose Death Rate (deaths/100,000 people)",Broadband Access (%),Teen Birth Rate (births/per teens),"Firearm Death Rate (deaths/ 100,000 people)","Juvenile Arrest Rate (arrests/ 1,000 juveniles)",Severe Housing Problems (%),Proficient in English (%),Air Pollution (fine particulate matter in micrograms/cubic meter of air),Smokers (%),Youth Not in School or Employment (%)
44001.0,Rhode_Island,Bristol,,2.8,3.2,92.470703125,77.184037651,9.0,11.615173884,22.4,28.4,91.0,87,68246.0,,1.1428571429,0.9722788422,1.8324500611,2.399103139,93.214431309,10199.0,6.005215959,16.27957456,,6.7477331834,,,18.327724566,2.237543355,10.26,13.3,
44003.0,Rhode_Island,Kent,,3.5,3.7,82.092934783,68.877390653,12.5,5.6820270022,22.7,34.7,127.0,402,61923.0,,7.9863744147,1.5569739838,2.5119906981,4.1791822102,89.974444068,41359.0,9.3713379777,27.272396698,,18.855099447,,,17.978754366,1.0982372243,10.27,14.9,
44005.0,Rhode_Island,Newport,,3.0,3.2,83.076015727,76.645201822,13.3,6.0710039479,18.7,28.6,72.0,219,69203.0,,12.092220828,3.4787148789,1.7958182569,5.2551057578,86.720172904,19101.0,7.089770326,13.37163835,,13.914946842,,,16.916210769,1.4956697642,10.18,13.8,
44007.0,Rhode_Island,Providence,,3.7,3.8,75.963343318,60.524447361,26.6,4.6145097361,26.2,38.3,593.0,2473,47278.0,,5.508826857,8.2474911943,4.3748635229,20.870478849,64.108175336,167605.0,6.4411842493,22.182257688,,30.73104532,,,22.085735248,6.9530311416,10.35,16.1,
44009.0,Rhode_Island,Washington,,2.7,3.3,88.886397608,74.377267724,12.0,8.6590241469,19.6,27.6,119.0,333,70705.0,,30.823206987,1.2143415474,2.0615382186,2.994796807,91.344855629,24529.0,9.6964886309,19.268433028,,8.3284911873,,,14.457953394,0.5318579626,10.21,13.1,
