FIPS,State,County,Average Life Expectancy (years),Days of Poor Physical Health (days/month),Days of Poor Mental Health (days/month),Students Graduating from High School (%),Some College (%),Children in Poverty (%),Limited Access to Healthy Foods (%),Physically Inactive (%),Insufficient Sleep (%),"Primary Care Doctor Rate (doctors/100,000)","Mental Health Providers (providers/ 100,000)",Median Household Income ($),Homeowners (%),Rural Living (%),Non-Hispanic Black (%),Asian (%),Hispanic (%),Non-Hispanic White (%),Population,"Motor Vehicle Death Rate (deaths/100,000 people)","Drug Overdose Death Rate (deaths/100,000 people)",Broadband Access (%),Teen Birth Rate (births/per teens),"Firearm Death Rate (deaths/ 100,000 people)","Juvenile Arrest Rate (arrests/ 1,000 juveniles)",Severe Housing Problems (%),Proficient in English (%),Air Pollution (fine particulate matter in micrograms/cubic meter of air),Smokers (%),Youth Not in School or Employment (%)
10001,Delaware,Kent,75.95627761,3.7587208958,5.2816499137,80.900345871,62.305660214,14.5,6.4975288991,29.4,38.1,93,230.54786,71866,70.377701768,26.471671863,27.370470617,2.3873204027,8.1472724744,57.958447894,122811,16.210017951,41.562002122,89.153627829,16.182803167,12.500663752,25.372340426,15.081723626,1.6595211013,7.6,18.0,6.5312624452
10003,Delaware,New Castle,77.441810875,3.1160594533,4.6976127687,81.760456577,67.510771641,13.4,6.0224370161,24.5,33.9,495,398.78782,85427,68.157795651,6.0942425257,25.978376838,6.3126635551,11.327659367,53.789440029,395423,10.700947747,49.409217065,91.637973661,12.747660143,13.339878767,25.466179159,13.949768419,2.066239122,8.6,13.8,3.7410519763
10005,Delaware,Sussex,77.832269261,3.4978825023,4.5749665357,80.311973986,56.393583809,16.8,6.8727678902,26.2,31.9,152,224.25728999999998,81188,81.440645717,37.581831509,10.994467799,1.4447795715,9.719639313,75.431714826,182130,15.800548744,45.342258017,88.300386549,27.225823522,9.8472404382,26.884422111,13.823295304,2.6012052556,7.6,15.0,8.3866621758
