FIPS,State,County,Average Life Expectancy (years),Days of Poor Physical Health (days/month),Days of Poor Mental Health (days/month),Students Graduating from High School (%),Some College (%),Children in Poverty (%),Limited Access to Healthy Foods (%),Physically Inactive (%),Insufficient Sleep (%),"Primary Care Doctor Rate (doctors/100,000)","Mental Health Providers (providers/ 100,000)",Median Household Income ($),Homeowners (%),Rural Living (%),Non-Hispanic Black (%),Asian (%),Hispanic (%),Non-Hispanic White (%),Population,"Motor Vehicle Death Rate (deaths/100,000 people)","Drug Overdose Death Rate (deaths/100,000 people)",Broadband Access (%),Teen Birth Rate (births/per teens),"Firearm Death Rate (deaths/ 100,000 people)","Juvenile Arrest Rate (arrests/ 1,000 juveniles)",Severe Housing Problems (%),Proficient in English (%),Air Pollution (fine particulate matter in micrograms/cubic meter of air),Smokers (%),Youth Not in School or Employment (%)
10001,Delaware,Kent,77.106527135,4.2692542153,4.7919825683,87.503785967,60.65856735,16.4,6.4975288991,31.0,39.301887891,84,202.56694000000002,61538,68.836089689,26.969379582,26.380531793,2.3763497656,7.6861083733,59.599331311,120134,15.562633552,35.728821925,87.020609519,17.652897249,10.730693136,60.268817204,15.779688589,1.7383490148,6.7,18.9,6.8779143705
10003,Delaware,New Castle,77.93548357,3.7360745167,4.3045381983,90.331396439,64.741681815,13.9,6.0224370161,26.8,36.647153489,514,365.07334,75145,67.892527849,4.6024078933,25.369391895,6.0263814464,10.713210847,55.401037521,386462,10.368780396,46.141416595,89.071818403,14.313722487,12.480336318,41.504587156,14.402393858,1.9371536725,8.6,15.4,5.1478464085
10005,Delaware,Sussex,78.411411261,4.0195656944,4.5931942046,87.227628149,55.256249035,17.4,6.8727678902,27.3,35.668171691,138,204.85442999999998,69829,81.085297645,41.303609019,11.459018768,1.3818362406,9.4377883999,75.314006663,173274,16.358206684,44.104341512,83.934920349,29.104251152,9.7330451657,45.412371134,14.09388463,2.2914799027,7.5,17.5,8.0893592005
