FIPS,State,County,Average Life Expectancy (years),Days of Poor Physical Health (days/month),Days of Poor Mental Health (days/month),Students Graduating from High School (%),Some College (%),Children in Poverty (%),Limited Access to Healthy Foods (%),Physically Inactive (%),Insufficient Sleep (%),"Primary Care Doctor Rate (doctors/100,000)","Mental Health Providers (providers/ 100,000)",Median Household Income ($),Homeowners (%),Rural Living (%),Non-Hispanic Black (%),Asian (%),Hispanic (%),Non-Hispanic White (%),Population,"Motor Vehicle Death Rate (deaths/100,000 people)","Drug Overdose Death Rate (deaths/100,000 people)",Broadband Access (%),Teen Birth Rate (births/per teens),"Firearm Death Rate (deaths/ 100,000 people)",Severe Housing Problems (%),Proficient in English (%),Air Pollution (fine particulate matter in micrograms/cubic meter of air),Smokers (%)
10000,Delaware,,76.833054979,3.692167653,4.8336394481,87.936622271,65.356969617,15.4,6.2950078773,22.7,37.3,740,337.63289,81615,72.269938341,17.387883,22.668889126,4.4218860537,11.107966934,58.936902189,249447,13.171068873,50.056687703,91.383840347,15.144982964,12.4658452,14.328448287,97.4997030464,7.3,13.8
10001,Delaware,Kent,75.084676846,4.0650666578,5.4096751928,88.717569413,62.760383387,16.2,6.4975288991,25.1,40.9,93,241.32062,72498,70.97340585,26.471671863,28.513770556,2.4174214522,8.3166042289,56.579675324,46950,16.354263367,46.688707101,90.42582045,14.681559689,13.018639629,15.002997602,98.4299780553,7.3,15.2
10003,Delaware,New Castle,77.067826738,3.5959405155,4.9382648041,88.398330926,69.083740021,14.6,6.0224370161,22.4,36.5,495,417.5654,86798,68.511682358,6.0942425257,26.16420552,6.418512527,11.891972236,52.889082462,154705,11.233387962,52.319467114,92.347371301,11.934199813,13.265785135,14.399082569,97.5363799061,8.3,14.2
10005,Delaware,Sussex,77.094690802,3.7137367332,4.8970324197,86.176312764,55.844074322,17.1,6.8727678902,22.7,35.3,152,231.11165,78092,81.267863544,37.581831509,10.784451385,1.4815433249,11.396954184,73.913983963,47792,15.354835746,47.375046637,89.952816021,26.609133405,10.176820182,13.701686122,96.7287777655,7.2,15.5
