FIPS,State,County,Average Life Expectancy (years),Days of Poor Physical Health (days/month),Days of Poor Mental Health (days/month),Students Graduating from High School (%),Some College (%),Children in Poverty (%),Limited Access to Healthy Foods (%),Physically Inactive (%),Insufficient Sleep (%),"Primary Care Doctor Rate (doctors/100,000)","Mental Health Providers (providers/ 100,000)",Median Household Income ($),Homeowners (%),Rural Living (%),Non-Hispanic Black (%),Asian (%),Hispanic (%),Non-Hispanic White (%),Population,"Motor Vehicle Death Rate (deaths/100,000 people)","Drug Overdose Death Rate (deaths/100,000 people)",Broadband Access (%),Teen Birth Rate (births/per teens),"Firearm Death Rate (deaths/ 100,000 people)","Juvenile Arrest Rate (arrests/ 1,000 juveniles)",Severe Housing Problems (%),Proficient in English (%),Air Pollution (fine particulate matter in micrograms/cubic meter of air),Smokers (%),Youth Not in School or Employment (%)
15001.0,Hawaii,Hawaii,,3.3,3.2,81.769760326,53.556523112,25.8,10.781946526,19.0,,136.0,462,47377.0,,37.990803927,,22.073566327,12.210920182,30.705215883,44327.0,17.613737776,11.664208572,,44.343693934,,,28.302473938,2.3431970226,,18.7,
15003.0,Hawaii,Honolulu,,2.8,2.7,81.212079543,70.560798637,12.2,4.0094520002,18.3,,839.0,1928,72649.0,,0.862876584,,42.564536942,9.1901906492,19.653579465,265853.0,6.5988838977,10.056880265,,31.919881098,,,26.917819365,5.5847701596,,14.6,
15005.0,Hawaii,Kalawao,,,,,100.0,,0.0,22.0,,0.0,0,,,100.0,,8.8888888889,1.1111111111,26.666666667,22.0,,,,,,,8.8888888889,9.8591549296,,,
15007.0,Hawaii,Kauai,,3.1,2.9,82.515873016,62.19962472,15.6,10.282019312,17.0,,58.0,107,55844.0,,12.860145176,,31.33128093,10.480204857,30.262400737,16521.0,12.950516078,8.84951932,,42.11514845,,,28.352753027,3.0122569871,,15.7,
15009.0,Hawaii,Maui,,3.2,2.9,80.418424318,60.268869839,13.8,8.7183100346,17.1,,135.0,217,62277.0,,14.567859772,,28.802386986,10.673399833,31.54267737,41879.0,12.078221936,10.392888643,,39.051209551,,,32.459425718,3.1749280286,,15.4,
