FIPS,State,County,Average Life Expectancy (years),Days of Poor Physical Health (days/month),Days of Poor Mental Health (days/month),Students Graduating from High School (%),Some College (%),Children in Poverty (%),Limited Access to Healthy Foods (%),Physically Inactive (%),Insufficient Sleep (%),"Primary Care Doctor Rate (doctors/100,000)","Mental Health Providers (providers/ 100,000)",Median Household Income ($),Homeowners (%),Rural Living (%),Non-Hispanic Black (%),Asian (%),Hispanic (%),Non-Hispanic White (%),Population,"Motor Vehicle Death Rate (deaths/100,000 people)","Drug Overdose Death Rate (deaths/100,000 people)",Broadband Access (%),Teen Birth Rate (births/per teens),"Firearm Death Rate (deaths/ 100,000 people)","Juvenile Arrest Rate (arrests/ 1,000 juveniles)",Severe Housing Problems (%),Proficient in English (%),Air Pollution (fine particulate matter in micrograms/cubic meter of air),Smokers (%),Youth Not in School or Employment (%)
10001,Delaware,Kent,77.805765635,3.5358741785,3.680999543,90.0841632,59.822815928,20.2,4.4611350557,29.5,36.819731192,78,296,57112,69.629699752,26.969379582,24.973985432,2.3814640547,7.1839795503,61.714473148,43119,14.26132587,23.610772605,,23.153172708,11.3,,16.204391613,1.2685471835,9.3,18.170640589,5.183285241
10003,Delaware,New Castle,78.69452355,3.3040313202,3.7584157039,87.686595725,65.900022205,15.6,4.7501029088,23.2,36.792037691,464,1659,66839,68.401314556,4.6024078933,24.60677429,5.8098261322,9.9542152188,57.359952697,148613,9.8083160027,30.354472116,,18.924475303,12.5,,15.160429129,2.1205493933,10.0,16.772490236,5.7226871748
10005,Delaware,Sussex,78.515495838,3.3045250846,3.6328186786,88.542508513,51.957920679,21.2,4.6440750474,27.8,31.857193028,138,385,61124,79.177961586,41.303609019,12.010811195,1.3465174284,9.3701458357,75.020193323,43822,16.796938505,28.130884232,,33.731101361,8.4,,15.464679436,2.6126788164,9.2,17.561391648,9.6559378468
