FIPS,State,County,Average Life Expectancy (years),Days of Poor Physical Health (days/month),Days of Poor Mental Health (days/month),Students Graduating from High School (%),Some College (%),Children in Poverty (%),Limited Access to Healthy Foods (%),Physically Inactive (%),Insufficient Sleep (%),"Primary Care Doctor Rate (doctors/100,000)","Mental Health Providers (providers/ 100,000)",Median Household Income ($),Homeowners (%),Rural Living (%),Non-Hispanic Black (%),Asian (%),Hispanic (%),Non-Hispanic White (%),Population,"Motor Vehicle Death Rate (deaths/100,000 people)","Drug Overdose Death Rate (deaths/100,000 people)",Broadband Access (%),Teen Birth Rate (births/per teens),"Firearm Death Rate (deaths/ 100,000 people)","Juvenile Arrest Rate (arrests/ 1,000 juveniles)",Severe Housing Problems (%),Proficient in English (%),Air Pollution (fine particulate matter in micrograms/cubic meter of air),Smokers (%),Youth Not in School or Employment (%)
15001,Hawaii,Hawaii,,3.8116321424,3.6565036012,77.295225464,56.948647108,19.3,13.313355422,20.0,37.859582563,144,562,54684.0,,37.990803927,0.640970728,21.558183715,12.63347258,30.241523011,45606,14.09505286,10.864638488,,33.499898022,7.9456886384,,26.856081133,2.1883175897,,14.991353158,18.46
15003,Hawaii,Honolulu,,2.8504861319,2.9203392921,82.871595331,71.747477584,9.5,5.2358179778,20.2,45.058333596,898,2265,80012.0,,0.862876584,2.5274907944,42.898736154,9.7442587938,18.569723102,274241,6.0643856996,12.202043038,,23.497911647,2.2861036459,,27.336041788,5.5968312417,,11.177348228,12.04
15005,Hawaii,Kalawao,,3.2144589883,3.1712727075,,86.363636364,,0.0,21.2,38.328812418,0,0,,,100.0,0.0,7.9545454545,1.1363636364,25.0,22,,,,,,,22.222222222,5.5555555556,,12.671809979,
15007,Hawaii,Kauai,,3.0440796498,2.9681789621,85.886191199,59.445549187,10.8,10.719193887,19.3,37.407491221,52,137,63164.0,,12.860145176,0.5553318802,31.402629496,11.019172833,29.62556748,17098,10.472773868,12.135978977,,29.10587355,6.8146002811,,26.546104041,3.5345717234,,13.217222564,13.49
15009,Hawaii,Maui,,3.1043589499,3.3453128455,77.954785672,60.618033018,11.7,8.1990565479,19.6,37.755618415,155,253,69699.0,,14.567859772,0.6796222171,28.918409055,11.135767235,30.460861258,42522,11.932557895,12.777816089,,27.235161533,4.4363932123,,32.213438735,3.1516648384,,13.336045657,17.75
